item,ascending,descending,dfs,bfs,nlr,lrn,lnr,bfactor
-482, -500, 500, 40, 40, 40, -500, -500, LH
376, -500, 499, -309, -309, -309, -500, -500, RH
40, -499, 498, -446, 304, -446, -499, -499, EH
-41, -499, 498, -472, -446, -472, -497, -499, RH
-309, -497, 497, -492, -162, -492, -497, -497, EH
-348, -497, 497, -496, 141, -496, -499, -497, EH
43, -496, 495, -499, 376, -499, -493, -496, RH
88, -493, 495, -500, -472, -500, -493, -493, EH
112, -493, 492, -500, -373, -500, -493, -493, EH
-343, -493, 492, -497, -248, -497, -496, -493, RH
-217, -492, 491, -499, -41, -499, -492, -492, EH
36, -492, 490, -497, 75, -497, -491, -492, RH
-281, -491, 487, -493, 229, -493, -489, -491, EH
471, -489, 485, -493, 359, -493, -488, -489, EH
258, -489, 484, -493, 433, -493, -488, -489, EH
420, -488, 483, -482, -492, -482, -489, -488, RH
-205, -488, 483, -486, -457, -486, -486, -488, RH
-248, -486, 483, -489, -402, -489, -486, -486, EH
-422, -486, 482, -491, -348, -491, -486, -486, RH
-17, -486, 482, -492, -276, -492, -485, -486, EH
360, -486, 481, -488, -205, -488, -484, -486, LH
-162, -485, 481, -489, -107, -489, -485, -485, EH
-36, -485, 479, -488, 4, -488, -486, -485, RH
-436, -484, 479, -485, 62, -485, -482, -484, EH
-239, -482, 479, -486, 112, -486, -478, -482, EH
-152, -482, 478, -486, 192, -486, -481, -482, EH
-452, -482, 478, -486, 258, -486, -482, -482, EH
-58, -481, 477, -484, 323, -484, -476, -481, EH
-166, -478, 477, -485, 367, -485, -474, -478, LH
23, -476, 475, -476, 405, -476, -474, -476, EH
-129, -476, 474, -482, 472, -482, -476, -476, EH
-329, -474, 472, -482, -496, -482, -482, -474, LH
-224, -474, 472, -481, -482, -481, -492, -474, EH
38, -472, 471, -478, -464, -478, -471, -472, EH
-250, -471, 471, -474, -452, -474, -469, -471, EH
-257, -469, 470, -476, -422, -476, -469, -469, EH
487, -469, 470, -474, -388, -474, -468, -469, RH
-51, -469, 470, -457, -360, -457, -468, -469, EH
250, -468, 469, -464, -329, -464, -469, -468, RH
-282, -468, 469, -469, -294, -469, -464, -468, EH
229, -464, 468, -469, -264, -469, -461, -464, RH
127, -464, 465, -471, -239, -471, -464, -464, RH
-72, -464, 464, -468, -187, -468, -459, -464, EH
-294, -461, 462, -469, -141, -469, -460, -461, EH
251, -460, 461, -468, -72, -468, -464, -460, EH
-162, -459, 461, -460, -17, -460, -457, -459, EH
106, -457, 460, -464, 23, -464, -457, -457, LH
141, -457, 458, -464, 50, -464, -456, -457, EH
95, -457, 458, -461, 71, -461, -456, -457, RH
232, -457, 455, -459, 88, -459, -454, -457, EH
-141, -456, 455, -452, 122, -452, -453, -456, RH
202, -456, 453, -457, 161, -457, -454, -456, EH
263, -454, 453, -457, 222, -457, -457, -454, LH
304, -454, 452, -457, 245, -457, -452, -454, LH
318, -453, 452, -454, 274, -454, -451, -453, EH
289, -452, 452, -456, 315, -456, -452, -452, EH
33, -452, 451, -456, 343, -456, -449, -452, EH
-157, -452, 449, -453, 363, -453, -449, -452, LH
233, -451, 448, -454, 373, -454, -451, -451, LH
98, -451, 447, -448, 387, -448, -448, -451, RH
433, -449, 447, -451, 419, -451, -447, -449, RH
-276, -449, 444, -452, 461, -452, -447, -449, LH
-372, -448, 444, -452, 483, -452, -447, -448, RH
-73, -448, 443, -451, -499, -451, -447, -448, EH
-172, -447, 441, -449, -493, -449, -448, -447, EH
-282, -447, 441, -449, -486, -449, -452, -447, EH
-472, -447, 439, -447, -476, -447, -457, -447, LH
-373, -447, 439, -447, -469, -447, -472, -447, EH
-351, -446, 436, -448, -460, -448, -446, -446, LH
359, -446, 434, -447, -457, -447, -443, -446, RH
-324, -445, 433, -447, -448, -447, -443, -445, EH
301, -443, 432, -373, -436, -373, -445, -443, EH
461, -443, 432, -402, -414, -402, -441, -443, RH
161, -442, 431, -422, -395, -422, -438, -442, EH
-469, -441, 431, -436, -378, -436, -439, -441, EH
-299, -439, 430, -442, -365, -442, -437, -439, EH
-437, -438, 430, -445, -353, -445, -437, -438, EH
249, -437, 430, -446, -340, -446, -437, -437, EH
50, -437, 429, -443, -320, -443, -442, -437, LH
-345, -437, 425, -443, -304, -443, -436, -437, LH
255, -436, 421, -437, -281, -437, -434, -436, EH
-259, -436, 421, -439, -269, -439, -435, -436, EH
122, -435, 421, -441, -257, -441, -429, -435, RH
-173, -434, 420, -438, -243, -438, -429, -434, LH
114, -433, 420, -437, -226, -437, -429, -433, EH
148, -429, 419, -437, -193, -437, -426, -429, LH
88, -429, 419, -433, -172, -433, -425, -429, LH
452, -429, 418, -435, -157, -435, -427, -429, RH
215, -427, 415, -436, -129, -436, -433, -427, RH
305, -426, 415, -434, -96, -434, -436, -426, EH
405, -425, 414, -427, -58, -427, -418, -425, RH
-211, -422, 413, -429, -26, -429, -419, -422, LH
-243, -419, 411, -429, -8, -429, -416, -419, EH
472, -418, 411, -429, 11, -429, -416, -418, RH
30, -417, 409, -425, 34, -425, -416, -417, LH
323, -416, 408, -426, 44, -426, -417, -416, EH
-457, -416, 407, -414, 58, -414, -414, -416, LH
-279, -416, 407, -417, 67, -417, -412, -416, EH
51, -414, 406, -419, 74, -419, -412, -414, LH
401, -414, 406, -418, 86, -418, -410, -414, LH
448, -412, 405, -416, 98, -416, -409, -412, EH
-68, -412, 405, -416, 116, -416, -407, -412, EH
481, -411, 403, -416, 129, -416, -403, -411, RH
315, -410, 401, -411, 153, -411, -406, -410, EH
-30, -409, 400, -412, 165, -412, -407, -409, RH
-107, -407, 400, -414, 202, -414, -411, -407, EH
4, -407, 397, -412, 224, -412, -414, -407, RH
-130, -406, 397, -407, 233, -407, -422, -406, RH
-320, -403, 397, -409, 250, -409, -401, -403, EH
397, -402, 395, -410, 266, -410, -400, -402, RH
-340, -401, 395, -406, 289, -406, -401, -401, EH
-298, -401, 394, -407, 307, -407, -396, -401, EH
419, -400, 393, -403, 318, -403, -397, -400, RH
439, -397, 393, -388, 331, -388, -394, -397, EH
18, -396, 393, -395, 353, -395, -392, -396, EH
-24, -395, 391, -397, 361, -397, -389, -395, LH
309, -394, 390, -401, 365, -401, -391, -394, LH
-66, -394, 388, -401, 373, -401, -394, -394, LH
77, -392, 387, -400, 374, -400, -395, -392, RH
-257, -391, 387, -396, 378, -396, -385, -391, EH
238, -389, 386, -394, 395, -394, -384, -389, EH
-452, -388, 384, -394, 409, -394, -382, -388, EH
-388, -385, 382, -391, 425, -391, -383, -385, RH
-211, -385, 379, -392, 448, -392, -385, -385, EH
224, -384, 378, -389, 469, -389, -381, -384, EH
483, -383, 378, -378, 479, -378, -379, -383, EH
255, -382, 377, -381, 492, -381, -379, -382, EH
329, -381, 376, -385, -500, -385, -381, -381, RH
405, -381, 376, -385, -497, -385, -378, -381, EH
387, -379, 376, -383, -493, -383, -378, -379, EH
-446, -379, 375, -384, -493, -384, -376, -379, EH
-469, -378, 374, -382, -489, -382, -378, -378, EH
-56, -378, 373, -379, -485, -379, -375, -378, EH
-28, -378, 373, -381, -482, -381, -374, -378, RH
267, -378, 373, -379, -474, -379, -374, -378, EH
-203, -376, 372, -375, -469, -375, -374, -376, LH
386, -375, 369, -378, -468, -378, -375, -375, EH
301, -375, 368, -378, -464, -378, -378, -375, EH
-281, -374, 367, -376, -459, -376, -388, -374, EH
360, -374, 366, -378, -457, -378, -402, -374, LH
-353, -374, 365, -374, -454, -374, -373, -374, EH
-226, -373, 364, -375, -451, -375, -372, -373, EH
123, -373, 363, -374, -447, -374, -372, -373, EH
-233, -372, 363, -374, -442, -374, -367, -372, EH
-84, -372, 362, -348, -433, -348, -366, -372, RH
-314, -368, 361, -360, -417, -360, -368, -368, EH
-246, -367, 361, -365, -411, -365, -365, -367, RH
-125, -366, 361, -368, -397, -368, -361, -366, LH
292, -365, 360, -372, -394, -372, -361, -365, RH
-232, -365, 360, -373, -381, -373, -362, -365, LH
-284, -362, 360, -372, -375, -372, -365, -362, EH
257, -361, 360, -366, -368, -366, -356, -361, EH
319, -361, 359, -367, -362, -367, -356, -361, RH
124, -360, 359, -362, -356, -362, -356, -360, RH
441, -356, 357, -365, -349, -365, -356, -356, RH
498, -356, 357, -361, -346, -361, -351, -356, EH
-66, -356, 356, -361, -334, -361, -349, -356, EH
-378, -356, 356, -353, -326, -353, -349, -356, EH
395, -353, 354, -356, -314, -356, -349, -353, RH
-414, -351, 354, -356, -306, -356, -349, -351, LH
133, -349, 354, -356, -298, -356, -353, -349, EH
120, -349, 353, -356, -284, -356, -360, -349, EH
-437, -349, 351, -349, -279, -349, -348, -349, RH
407, -349, 350, -351, -273, -351, -347, -349, EH
-223, -348, 350, -349, -266, -349, -345, -348, EH
368, -348, 345, -349, -261, -349, -340, -348, EH
-275, -347, 345, -349, -256, -349, -343, -347, EH
232, -346, 343, -329, -247, -329, -346, -346, RH
-9, -345, 343, -340, -243, -340, -339, -345, RH
353, -343, 342, -346, -232, -346, -335, -343, RH
-452, -340, 340, -347, -217, -347, -337, -340, EH
373, -340, 336, -348, -198, -348, -331, -340, LH
44, -339, 334, -343, -191, -343, -333, -339, RH
73, -337, 331, -345, -181, -345, -334, -337, RH
-8, -335, 329, -340, -166, -340, -340, -335, EH
-281, -334, 329, -334, -161, -334, -329, -334, RH
500, -333, 327, -337, -152, -337, -329, -333, EH
-156, -331, 324, -339, -135, -339, -328, -331, EH
357, -329, 323, -335, -124, -335, -329, -329, RH
34, -329, 323, -333, -101, -333, -325, -329, LH
222, -329, 322, -331, -84, -331, -322, -329, RH
-96, -329, 321, -320, -66, -320, -322, -329, EH
-493, -328, 319, -326, -53, -326, -324, -328, RH
-500, -326, 319, -329, -36, -329, -326, -326, RH
-448, -325, 318, -329, -24, -329, -319, -325, RH
-146, -324, 316, -328, -16, -328, -312, -324, RH
-187, -322, 316, -329, 1, -329, -310, -322, EH
-447, -322, 315, -324, 8, -324, -312, -322, LH
-453, -320, 315, -325, 18, -325, -314, -320, LH
-402, -319, 314, -322, 30, -322, -320, -319, LH
-137, -314, 313, -322, 36, -322, -329, -314, EH
122, -312, 313, -314, 43, -314, -348, -312, RH
34, -312, 309, -319, 47, -319, -373, -312, RH
-62, -310, 309, -312, 57, -312, -446, -310, LH
-395, -309, 309, -312, 60, -312, -309, -309, LH
483, -309, 307, -310, 65, -310, -309, -309, EH
192, -309, 307, -162, 70, -162, -309, -309, EH
-277, -309, 306, -248, 73, -248, -308, -309, LH
152, -308, 306, -276, 74, -276, -307, -308, RH
-143, -308, 305, -294, 77, -294, -308, -308, RH
74, -307, 305, -304, 87, -304, -306, -307, EH
432, -306, 304, -306, 89, -306, -305, -306, RH
22, -306, 304, -308, 106, -308, -305, -306, EH
418, -305, 304, -309, 114, -309, -306, -305, EH
-140, -305, 301, -309, 118, -309, -304, -305, EH
469, -304, 301, -309, 124, -309, -299, -304, EH
-264, -304, 301, -307, 133, -307, -296, -304, RH
225, -299, 301, -308, 147, -308, -295, -299, EH
-258, -298, 300, -305, 156, -305, -296, -298, RH
162, -296, 300, -306, 162, -306, -298, -296, EH
-105, -296, 298, -305, 176, -305, -304, -296, EH
-163, -295, 298, -298, 197, -298, -294, -295, EH
-169, -294, 292, -299, 215, -299, -292, -294, EH
-269, -294, 292, -304, 223, -304, -294, -294, RH
-476, -294, 291, -296, 227, -296, -284, -294, EH
288, -292, 290, -296, 232, -296, -287, -292, LH
8, -287, 289, -295, 238, -295, -284, -287, EH
-305, -284, 289, -281, 247, -281, -284, -284, EH
109, -284, 288, -284, 255, -284, -282, -284, EH
-232, -284, 288, -287, 263, -287, -282, -284, EH
280, -284, 288, -294, 270, -294, -283, -284, RH
245, -283, 286, -294, 281, -294, -284, -283, EH
38, -282, 282, -292, 300, -292, -281, -282, EH
75, -282, 281, -284, 305, -284, -281, -282, EH
24, -281, 281, -283, 309, -283, -281, -281, EH
-216, -281, 280, -284, 316, -284, -279, -281, EH
-433, -281, 280, -284, 319, -284, -278, -281, RH
-362, -281, 279, -282, 327, -282, -277, -281, EH
-356, -279, 275, -282, 336, -282, -277, -279, RH
-161, -279, 275, -279, 350, -279, -278, -279, EH
-493, -278, 275, -281, 356, -281, -279, -278, EH
-266, -278, 274, -281, 360, -281, -281, -278, EH
202, -277, 273, -281, 361, -281, -294, -277, EH
-469, -277, 273, -278, 364, -278, -276, -277, LH
274, -276, 272, -279, 366, -279, -275, -276, EH
279, -276, 270, -277, 369, -277, -273, -276, EH
-474, -275, 270, -278, 373, -278, -271, -275, EH
22, -273, 270, -277, 375, -277, -272, -273, EMPTY
102, -273, 269, -264, 377, -264, -273, -273, EH
-243, -272, 267, -269, 384, -269, -268, -272, LH
-454, -271, 266, -273, 393, -273, -267, -271, LH
89, -269, 265, -275, 400, -275, -267, -269, LH
18, -268, 265, -276, 407, -276, -265, -268, LH
67, -267, 263, -272, 414, -272, -265, -267, EH
290, -267, 262, -273, 420, -273, -265, -267, EH
11, -266, 262, -271, 431, -271, -266, -266, EH
406, -265, 258, -266, 441, -266, -269, -265, LH
-304, -265, 257, -267, 453, -267, -263, -265, EH
388, -265, 255, -268, 464, -268, -263, -265, EH
-133, -264, 255, -267, 470, -267, -260, -264, EH
-89, -263, 253, -265, 477, -265, -258, -263, EH
-416, -263, 251, -265, 481, -265, -259, -263, EH
118, -261, 250, -265, 484, -265, -261, -261, EH
11, -260, 249, -257, 498, -257, -257, -260, RH
270, -259, 249, -261, -500, -261, -257, -259, LH
-77, -258, 247, -263, -499, -263, -256, -258, EMPTY
-306, -257, 247, -263, -497, -263, -256, -257, EH
113, -257, 246, -259, -491, -259, -255, -257, EH
176, -257, 246, -260, -488, -260, -251, -257, EH
-349, -256, 246, -258, -486, -258, -253, -256, LH
351, -256, 245, -256, -484, -256, -250, -256, EH
367, -256, 242, -256, -482, -256, -249, -256, EH
-325, -255, 241, -257, -481, -257, -249, -255, LH
300, -253, 241, -257, -476, -257, -250, -253, EH
-45, -251, 240, -256, -474, -256, -256, -251, RH
215, -250, 238, -250, -471, -250, -257, -250, EH
-457, -250, 237, -253, -469, -253, -264, -250, EH
-181, -249, 234, -255, -468, -255, -276, -249, EH
-305, -249, 234, -251, -464, -251, -248, -249, EMPTY
400, -248, 233, -249, -461, -249, -247, -248, EH
71, -248, 233, -250, -457, -250, -247, -248, EH
129, -247, 232, -249, -456, -249, -247, -247, EH
-157, -247, 232, -205, -453, -205, -244, -247, EH
-192, -247, 231, -239, -452, -239, -246, -247, EH
-368, -247, 230, -243, -449, -243, -247, -247, EMPTY
-53, -246, 229, -247, -447, -247, -243, -246, RH
449, -244, 228, -247, -447, -247, -243, -244, LH
44, -243, 227, -248, -445, -248, -240, -243, EH
152, -243, 227, -246, -437, -246, -240, -243, RH
492, -243, 227, -247, -435, -247, -243, -243, LH
397, -243, 226, -247, -427, -247, -243, -243, RH
331, -240, 225, -244, -419, -244, -238, -240, RH
315, -240, 224, -243, -416, -243, -236, -240, EH
-248, -239, 223, -243, -412, -243, -233, -239, EH
153, -238, 223, -240, -407, -240, -235, -238, EH
71, -236, 222, -243, -401, -243, -232, -236, RH
35, -235, 221, -240, -396, -240, -232, -235, EH
499, -233, 220, -226, -394, -226, -230, -233, EH
495, -232, 217, -232, -391, -232, -229, -232, EH
-117, -232, 216, -235, -385, -235, -228, -232, EH
-471, -232, 215, -236, -379, -236, -229, -232, EH
481, -231, 215, -238, -378, -238, -231, -231, EH
-101, -230, 211, -233, -374, -233, -232, -230, EH
247, -229, 208, -231, -372, -231, -226, -229, RH
364, -229, 206, -232, -366, -232, -223, -229, EH
483, -228, 204, -232, -365, -232, -224, -228, RH
-278, -226, 202, -229, -361, -229, -222, -226, RH
415, -226, 202, -230, -356, -230, -220, -226, EH
-267, -224, 200, -228, -356, -228, -219, -224, LH
-101, -223, 199, -229, -351, -229, -221, -223, EH
292, -222, 197, -217, -349, -217, -222, -222, RH
-279, -222, 197, -222, -347, -222, -217, -222, EH
-67, -221, 197, -224, -343, -224, -213, -221, RH
363, -220, 196, -226, -337, -226, -212, -220, EH
321, -219, 195, -223, -333, -223, -216, -219, EH
-128, -217, 194, -221, -329, -221, -211, -217, LH
-265, -217, 193, -222, -324, -222, -207, -217, EH
323, -216, 192, -219, -319, -219, -206, -216, EH
-193, -213, 192, -220, -312, -220, -210, -213, RH
-57, -212, 192, -211, -308, -211, -211, -212, RH
-445, -211, 190, -216, -305, -216, -217, -211, RH
-62, -211, 189, -217, -299, -217, -226, -211, EH
-176, -210, 188, -212, -296, -212, -239, -210, EH
-379, -207, 186, -213, -287, -213, -204, -207, EH
139, -206, 183, -210, -283, -210, -203, -206, EH
288, -205, 179, -211, -281, -211, -202, -205, LH
-340, -204, 177, -206, -278, -206, -200, -204, EH
-139, -203, 176, -207, -275, -207, -203, -203, LH
206, -203, 175, -187, -272, -187, -198, -203, EH
95, -202, 175, -193, -267, -193, -194, -202, EH
-247, -200, 170, -198, -265, -198, -196, -200, RH
-243, -198, 170, -203, -263, -203, -198, -198, LH
-339, -198, 165, -203, -259, -203, -192, -198, EH
-247, -196, 162, -204, -256, -204, -190, -196, EH
373, -194, 162, -200, -250, -200, -188, -194, EH
-312, -193, 162, -202, -247, -202, -191, -193, RH
262, -192, 161, -196, -246, -196, -193, -192, EH
-70, -191, 161, -198, -243, -198, -187, -191, LH
-124, -190, 161, -194, -240, -194, -187, -190, EH
40, -188, 159, -191, -235, -191, -180, -188, LH
216, -187, 158, -192, -231, -192, -180, -187, LH
307, -187, 158, -188, -222, -188, -173, -187, EH
345, -187, 156, -190, -211, -190, -176, -187, EH
19, -181, 156, -172, -203, -172, -181, -181, LH
-150, -180, 156, -181, -196, -181, -171, -180, RH
48, -180, 154, -187, -192, -187, -169, -180, RH
-296, -176, 153, -187, -188, -187, -164, -176, EH
62, -173, 153, -176, -187, -176, -163, -173, EH
158, -172, 153, -180, -176, -180, -164, -172, EH
-451, -171, 152, -180, -169, -180, -166, -171, EH
301, -169, 152, -173, -164, -173, -172, -169, LH
-142, -166, 152, -166, -161, -166, -187, -166, LH
43, -164, 148, -169, -161, -169, -205, -164, LH
30, -164, 148, -171, -156, -171, -248, -164, LH
441, -163, 147, -164, -146, -164, -162, -163, EH
-492, -162, 146, -164, -137, -164, -161, -162, EH
-187, -162, 146, -163, -133, -163, -161, -162, RH
-374, -161, 145, -41, -125, -41, -161, -161, RH
-81, -161, 141, -107, -117, -107, -161, -161, LH
190, -161, 141, -141, -105, -141, -160, -161, EH
-349, -161, 139, -157, -100, -157, -161, -161, RH
-427, -161, 139, -161, -89, -161, -161, -161, LH
246, -161, 135, -161, -80, -161, -161, -161, RH
472, -161, 133, -162, -68, -162, -157, -161, RH
498, -160, 133, -161, -62, -161, -156, -160, EH
84, -157, 132, -161, -57, -161, -155, -157, EH
304, -157, 130, -161, -49, -161, -156, -157, EH
-309, -156, 129, -161, -38, -161, -153, -156, EH
-105, -156, 127, -161, -30, -161, -153, -156, EH
77, -156, 127, -160, -25, -160, -156, -156, EH
-375, -155, 125, -152, -23, -152, -150, -155, EH
-52, -153, 124, -156, -17, -156, -147, -153, EH
-349, -153, 123, -156, -14, -156, -147, -153, RH
3, -152, 123, -157, -1, -157, -148, -152, EH
390, -150, 122, -153, 3, -153, -144, -150, EH
-283, -148, 122, -156, 5, -156, -142, -148, RH
-360, -147, 121, -155, 9, -155, -143, -147, EH
-425, -147, 120, -153, 13, -153, -146, -147, EH
-496, -146, 118, -146, 22, -146, -152, -146, LH
-435, -144, 116, -148, 30, -148, -157, -144, RH
30, -143, 116, -150, 32, -150, -140, -143, RH
87, -142, 116, -147, 35, -147, -139, -142, RH
-153, -141, 115, -147, 38, -147, -140, -141, LH
-140, -140, 115, -143, 40, -143, -136, -140, LH
-365, -140, 114, -144, 43, -144, -136, -140, EH
-322, -139, 113, -142, 44, -142, -137, -139, EH
-244, -137, 113, -129, 48, -129, -134, -137, EH
-230, -136, 112, -135, 52, -135, -132, -136, EH
421, -136, 112, -137, 58, -137, -130, -136, EH
-196, -135, 109, -140, 58, -140, -130, -135, EH
425, -134, 108, -140, 63, -140, -133, -134, EH
-45, -133, 107, -139, 65, -139, -135, -133, EH
223, -132, 106, -136, 69, -136, -128, -132, EH
-92, -130, 106, -136, 70, -136, -127, -130, EH
366, -130, 102, -133, 71, -133, -128, -130, EMPTY
-414, -129, 102, -134, 73, -134, -124, -129, EH
-217, -128, 101, -130, 74, -130, -125, -128, EH
-17, -128, 100, -132, 75, -132, -123, -128, EH
165, -127, 99, -130, 84, -130, -118, -127, EH
227, -125, 98, -124, 86, -124, -122, -125, RH
-26, -124, 98, -125, 87, -125, -117, -124, EH
-124, -124, 95, -128, 88, -128, -112, -124, EMPTY
266, -123, 95, -128, 95, -128, -113, -123, EH
-464, -122, 94, -127, 100, -127, -110, -122, EH
30, -118, 89, -124, 108, -124, -111, -118, EH
-188, -117, 89, -117, 113, -117, -117, -117, RH
1, -117, 89, -122, 115, -122, -124, -117, RH
378, -113, 88, -123, 116, -123, -129, -113, RH
-447, -112, 88, -118, 120, -118, -141, -112, LH
223, -111, 88, -111, 123, -111, -107, -111, EH
159, -110, 87, -113, 127, -113, -106, -110, LH
-212, -107, 87, -117, 132, -117, -105, -107, EH
116, -107, 87, -112, 139, -112, -105, -107, RH
298, -106, 86, -110, 146, -110, -103, -106, RH
-334, -105, 86, -72, 152, -72, -104, -105, RH
65, -105, 86, -96, 153, -96, -105, -105, EH
75, -105, 85, -101, 158, -101, -101, -105, EH
298, -104, 85, -105, 161, -105, -101, -104, LH
247, -103, 84, -106, 162, -106, -100, -103, LH
-90, -101, 84, -107, 175, -107, -98, -101, LH
-337, -101, 80, -104, 186, -104, -100, -101, EH
-397, -101, 77, -105, 194, -105, -100, -101, EH
-304, -100, 77, -105, 199, -105, -101, -100, EH
112, -100, 77, -103, 208, -103, -92, -100, RH
-256, -100, 77, -100, 216, -100, -90, -100, RH
-434, -98, 75, -101, 223, -101, -88, -98, LH
-25, -96, 75, -101, 225, -101, -86, -96, EH
-491, -92, 75, -100, 227, -100, -86, -92, EH
-457, -90, 74, -100, 231, -100, -89, -90, RH
-261, -89, 74, -98, 232, -98, -82, -89, LH
479, -88, 74, -84, 234, -84, -81, -88, RH
374, -86, 73, -89, 241, -89, -81, -86, EMPTY
431, -86, 73, -90, 246, -90, -81, -86, EH
393, -84, 71, -92, 249, -92, -78, -84, RH
127, -82, 71, -86, 251, -86, -78, -82, EH
-111, -81, 71, -88, 255, -88, -76, -81, LH
470, -81, 70, -86, 262, -86, -73, -81, EH
161, -81, 70, -80, 265, -80, -77, -81, LH
-144, -80, 69, -81, 267, -81, -80, -80, LH
407, -78, 67, -82, 273, -82, -84, -78, EH
-460, -78, 65, -81, 279, -81, -96, -78, EH
-284, -77, 65, -81, 286, -81, -69, -77, RH
-226, -76, 63, -77, 292, -77, -70, -76, RH
400, -73, 62, -78, 301, -78, -68, -73, RH
-486, -72, 60, -78, 304, -78, -67, -72, RH
430, -70, 58, -73, 306, -73, -68, -70, RH
-468, -69, 58, -76, 309, -76, -65, -69, LH
102, -68, 58, -58, 313, -58, -66, -68, EH
-328, -68, 57, -66, 315, -66, -62, -68, EH
465, -67, 55, -68, 316, -68, -60, -67, EH
-394, -66, 52, -70, 319, -70, -62, -66, EH
-429, -66, 51, -69, 321, -69, -62, -66, EH
197, -65, 50, -67, 323, -67, -66, -65, RH
-12, -62, 48, -68, 329, -68, -58, -62, EH
-122, -62, 48, -62, 334, -62, -57, -62, EH
-36, -62, 48, -66, 342, -66, -57, -62, EH
327, -60, 47, -65, 345, -65, -56, -60, EH
-98, -58, 44, -62, 350, -62, -55, -58, EH
477, -58, 44, -62, 354, -62, -55, -58, RH
-409, -57, 43, -60, 357, -60, -57, -57, RH
147, -57, 43, -53, 360, -53, -53, -57, RH
87, -57, 43, -57, 360, -57, -52, -57, EH
336, -56, 43, -57, 361, -57, -50, -56, LH
-499, -55, 40, -58, 362, -58, -51, -55, EH
-231, -55, 40, -57, 363, -57, -51, -55, RH
-361, -53, 38, -55, 368, -55, -47, -53, EH
453, -53, 38, -56, 372, -56, -48, -53, EH
-378, -52, 36, -55, 376, -55, -45, -52, LH
-128, -51, 36, -49, 378, -49, -42, -51, RH
-400, -51, 35, -51, 382, -51, -42, -51, EH
237, -50, 35, -52, 386, -52, -45, -50, EH
455, -49, 34, -53, 390, -53, -49, -49, EH
414, -48, 34, -51, 393, -51, -53, -48, EMPTY
-76, -47, 33, -50, 397, -50, -58, -47, EH
5, -45, 32, -45, 401, -45, -72, -45, EH
-161, -45, 30, -48, 406, -48, -107, -45, RH
-457, -42, 30, -47, 407, -47, -38, -42, EH
409, -42, 30, -42, 411, -42, -37, -42, LH
-110, -41, 30, -45, 415, -45, -38, -41, EH
373, -38, 25, -42, 420, -42, -36, -38, LH
25, -38, 25, 4, 421, 4, -28, -38, EH
378, -37, 24, -17, 430, -17, -27, -37, RH
-86, -36, 23, -26, 432, -26, -28, -36, EH
-265, -36, 22, -36, 439, -36, -30, -36, EH
-419, -30, 22, -38, 447, -38, -36, -30, RH
-446, -28, 19, -38, 452, -38, -25, -28, EH
123, -28, 18, -37, 455, -37, -24, -28, EH
360, -27, 18, -30, 462, -30, -19, -27, LH
361, -26, 17, -36, 465, -36, -23, -26, EH
146, -25, 17, -28, 470, -28, -24, -25, LH
-356, -24, 14, -28, 471, -28, -26, -24, EH
304, -24, 13, -27, 474, -27, -17, -24, EH
-235, -23, 13, -24, 478, -24, -17, -23, LH
17, -19, 11, -25, 479, -25, -16, -19, EH
354, -17, 11, -23, 482, -23, -14, -17, EH
-164, -17, 11, -24, 483, -24, -14, -17, LH
86, -17, 10, -19, 487, -19, -9, -17, RH
-382, -16, 9, -8, 497, -8, -12, -16, EH
249, -16, 8, -16, 499, -16, -14, -16, RH
69, -14, 6, -17, -492, -17, -16, -14, EH
-106, -14, 5, -17, -489, -17, -7, -14, EH
-24, -14, 5, -14, -488, -14, -1, -14, RH
-417, -12, 4, -14, -486, -14, -4, -12, EH
-271, -9, 4, -16, -486, -16, -1, -9, LH
-198, -8, 3, -12, -485, -12, 0, -8, RH
-273, -7, 3, -14, -478, -14, -1, -7, LH
186, -4, 1, -9, -456, -9, 1, -4, EH
73, -1, 1, 1, -454, 1, 1, -1, EH
430, -1, 1, -1, -452, -1, 3, -1, EMPTY
-134, -1, 0, -4, -451, -4, 3, -1, EH
484, 0, -1, -7, -449, -7, 1, 0, EH
246, 1, -1, -1, -448, -1, -8, 1, EH
-497, 1, -1, 0, -447, 0, -17, 1, EH
-418, 1, -4, -1, -446, -1, 4, 1, EH
-210, 3, -7, 3, -443, 3, 6, 3, EMPTY
-86, 3, -8, 1, -439, 1, 5, 3, EMPTY
-229, 4, -9, 1, -437, 1, 5, 4, EH
286, 4, -12, 3, -436, 3, 10, 4, EMPTY
452, 5, -14, 23, -434, 23, 9, 5, EH
87, 5, -14, 11, -429, 11, 8, 5, EH
-256, 6, -14, 8, -425, 8, 11, 6, EMPTY
-48, 8, -16, 5, -418, 5, 11, 8, EH
492, 9, -16, 4, -416, 4, 13, 9, EH
-1, 10, -17, 5, -416, 5, 14, 10, EMPTY
-347, 11, -17, 6, -414, 6, 17, 11, EH
47, 11, -17, 9, -412, 9, 17, 11, EH
-203, 11, -19, 10, -409, 10, 13, 11, EMPTY
58, 13, -23, 18, -406, 18, 19, 13, EMPTY
-104, 13, -24, 13, -401, 13, 18, 13, EH
-191, 14, -24, 11, -400, 11, 22, 14, EH
-389, 17, -25, 11, -392, 11, 22, 17, RH
464, 17, -26, 17, -389, 17, 18, 17, EH
-221, 18, -27, 14, -385, 14, 11, 18, RH
460, 18, -28, 13, -383, 13, 24, 18, EH
356, 19, -28, 17, -381, 17, 25, 19, EH
395, 22, -30, 22, -379, 22, 25, 22, EH
-486, 22, -36, 18, -378, 18, 30, 22, LH
-308, 23, -36, 19, -376, 19, 30, 23, EMPTY
-200, 24, -37, 22, -375, 22, 30, 24, EH
-198, 25, -38, 34, -374, 34, 33, 25, EH
365, 25, -38, 30, -373, 30, 32, 25, EH
-160, 30, -41, 30, -372, 30, 30, 30, EH
-256, 30, -42, 25, -367, 25, 34, 30, EH
-411, 30, -42, 24, -361, 24, 35, 30, LH
162, 30, -45, 25, -356, 25, 35, 30, EH
4, 32, -45, 30, -349, 30, 36, 32, EH
265, 33, -47, 32, -349, 32, 38, 33, EH
146, 34, -48, 30, -348, 30, 38, 34, EH
447, 34, -49, 33, -345, 33, 36, 34, EH
57, 35, -50, 36, -340, 36, 34, 35, EH
-16, 35, -51, 35, -339, 35, 23, 35, EH
-107, 36, -51, 34, -335, 34, 4, 36, EH
-123, 36, -52, 35, -331, 35, -41, 36, EH
361, 38, -53, 38, -329, 38, -162, 38, EH
-456, 38, -53, 36, -328, 36, -309, 38, LH
357, 40, -55, 38, -325, 38, 40, 40, EH
319, 40, -55, 304, -322, 304, 43, 40, RH
36, 43, -56, 141, -312, 141, 43, 43, EH
-263, 43, -57, 75, -310, 75, 43, 43, EH
301, 43, -57, 62, -309, 62, 43, 43, EH
74, 43, -57, 50, -307, 50, 44, 43, EMPTY
-296, 44, -58, 44, -306, 44, 48, 44, EMPTY
-38, 44, -58, 43, -305, 43, 48, 44, EH
-42, 47, -60, 40, -304, 40, 48, 47, EMPTY
384, 48, -62, 43, -296, 43, 47, 48, EH
0, 48, -62, 43, -295, 43, 44, 48, EH
-335, 48, -62, 43, -294, 43, 51, 48, EH
477, 50, -65, 47, -284, 47, 55, 50, EH
-88, 51, -66, 44, -284, 44, 52, 51, EMPTY
-416, 52, -66, 48, -282, 48, 58, 52, EH
497, 55, -67, 48, -281, 48, 57, 55, EH
63, 57, -68, 48, -281, 48, 58, 57, EH
-488, 58, -68, 58, -279, 58, 60, 58, EH
-464, 58, -69, 57, -277, 57, 58, 58, EMPTY
382, 58, -70, 52, -276, 52, 50, 58, EH
-449, 60, -72, 51, -273, 51, 63, 60, EH
86, 62, -73, 55, -271, 55, 65, 62, LH
58, 63, -76, 58, -268, 58, 65, 63, EH
273, 65, -77, 60, -267, 60, 69, 65, RH
197, 65, -78, 58, -265, 58, 70, 65, EH
432, 67, -78, 71, -265, 71, 70, 67, EH
-381, 69, -80, 67, -263, 67, 67, 69, EH
-356, 70, -81, 65, -260, 65, 71, 70, LH
170, 70, -81, 63, -258, 63, 71, 70, EH
-436, 71, -81, 65, -257, 65, 73, 71, EH
-403, 71, -82, 70, -256, 70, 73, 71, EH
-373, 71, -84, 69, -253, 69, 74, 71, EMPTY
281, 73, -86, 70, -249, 70, 74, 73, EH
475, 73, -86, 74, -248, 74, 74, 73, EH
156, 74, -88, 73, -247, 73, 71, 74, EH
469, 74, -89, 71, -244, 71, 62, 74, EH
478, 74, -90, 71, -243, 71, 75, 74, RH
-372, 75, -92, 73, -240, 73, 77, 75, RH
462, 75, -96, 74, -236, 74, 75, 75, EH
-100, 75, -98, 74, -233, 74, 77, 75, EH
307, 77, -100, 112, -232, 112, 80, 77, EH
474, 77, -100, 88, -229, 88, 77, 77, EH
-429, 77, -100, 86, -224, 86, 84, 77, EH
309, 77, -101, 77, -221, 77, 85, 77, EMPTY
329, 80, -101, 75, -216, 75, 85, 80, EH
-222, 84, -101, 75, -210, 75, 84, 84, EH
403, 84, -103, 77, -203, 77, 77, 84, EH
-58, 85, -104, 84, -200, 84, 86, 85, EH
-100, 85, -105, 77, -198, 77, 86, 85, EH
-442, 86, -105, 77, -194, 77, 87, 86, EH
-284, 86, -105, 80, -190, 80, 87, 86, EMPTY
-103, 86, -106, 85, -187, 85, 87, 86, EH
-412, 87, -107, 84, -180, 84, 86, 87, EH
242, 87, -107, 85, -173, 85, 88, 87, EH
411, 87, -110, 87, -171, 87, 88, 87, RH
3, 88, -111, 86, -164, 86, 89, 88, EH
-292, 88, -112, 86, -163, 86, 94, 88, EH
10, 88, -113, 87, -162, 87, 89, 88, EH
211, 89, -117, 87, -161, 87, 95, 89, EH
-135, 89, -117, 98, -161, 98, 95, 89, EMPTY
-232, 89, -118, 89, -161, 89, 89, 89, RH
-486, 94, -122, 88, -156, 88, 99, 94, EH
343, 95, -123, 88, -153, 88, 98, 95, EH
-482, 95, -124, 95, -148, 95, 101, 95, EH
-499, 98, -124, 89, -143, 89, 102, 98, LH
468, 98, -125, 89, -140, 89, 102, 98, EH
-481, 99, -127, 94, -136, 94, 100, 99, RH
270, 100, -128, 95, -134, 95, 107, 100, RH
177, 101, -128, 106, -130, 106, 106, 101, EH
-365, 102, -129, 100, -128, 100, 109, 102, RH
-394, 102, -130, 98, -124, 98, 108, 102, RH
228, 106, -130, 99, -122, 99, 106, 106, RH
13, 106, -132, 102, -111, 102, 98, 106, LH
485, 107, -133, 101, -106, 101, 88, 107, LH
-319, 108, -134, 102, -104, 102, 112, 108, EH
376, 109, -135, 108, -101, 108, 113, 109, EH
-468, 112, -136, 106, -100, 106, 113, 112, EH
455, 112, -136, 107, -90, 107, 115, 112, EMPTY
-310, 113, -137, 109, -86, 109, 115, 113, EH
363, 113, -139, 122, -81, 122, 114, 113, EMPTY
-485, 114, -140, 116, -77, 116, 116, 114, RH
275, 115, -140, 114, -70, 114, 116, 115, EH
156, 115, -141, 113, -67, 113, 121, 115, EH
-426, 116, -142, 112, -66, 112, 120, 116, EMPTY
-69, 116, -143, 113, -62, 113, 118, 116, EH
-243, 116, -144, 115, -57, 115, 116, 116, EH
-392, 118, -146, 115, -55, 115, 122, 118, EH
497, 120, -147, 118, -51, 118, 123, 120, EH
391, 121, -147, 116, -45, 116, 123, 121, EH
447, 122, -148, 116, -38, 116, 125, 122, EH
43, 122, -150, 120, -37, 120, 127, 122, LH
108, 123, -152, 121, -36, 121, 127, 123, LH
377, 123, -153, 129, -28, 129, 124, 123, RH
316, 124, -153, 124, -24, 124, 130, 124, EH
334, 125, -155, 123, -19, 123, 132, 125, EH
-194, 127, -156, 122, -17, 122, 133, 127, RH
-190, 127, -156, 123, -14, 123, 135, 127, EH
305, 129, -156, 127, -12, 127, 139, 129, EH
70, 130, -157, 125, -4, 125, 139, 130, EH
322, 132, -157, 127, 0, 127, 133, 132, EH
-171, 133, -160, 133, 1, 133, 129, 133, EH
479, 133, -161, 132, 3, 132, 122, 133, LH
-376, 135, -161, 130, 4, 130, 112, 135, LH
1, 139, -161, 139, 5, 139, 75, 139, LH
-312, 139, -161, 135, 10, 135, 141, 139, RH
-118, 141, -161, 133, 11, 133, 145, 141, EH
-14, 141, -161, 139, 17, 139, 146, 141, LH
-112, 145, -161, 229, 18, 229, 146, 145, EH
208, 146, -162, 192, 22, 192, 148, 146, RH
356, 146, -162, 161, 25, 161, 148, 146, EH
393, 147, -163, 153, 30, 153, 152, 147, RH
-489, 148, -164, 147, 30, 147, 152, 148, LH
-378, 148, -164, 146, 33, 146, 152, 148, RH
-222, 152, -166, 145, 34, 145, 147, 152, EH
153, 152, -169, 141, 35, 141, 153, 152, EH
89, 152, -171, 146, 36, 146, 154, 152, EH
-202, 153, -172, 152, 38, 152, 153, 153, EH
342, 153, -173, 148, 43, 148, 156, 153, EH
-451, 153, -176, 148, 43, 148, 156, 153, EH
-443, 154, -180, 152, 48, 152, 158, 154, EH
-307, 156, -180, 152, 48, 152, 159, 156, EH
420, 156, -181, 156, 51, 156, 158, 156, EH
-439, 156, -187, 153, 55, 153, 156, 156, EH
-326, 158, -187, 153, 71, 153, 153, 158, EH
125, 158, -187, 154, 75, 154, 161, 158, EMPTY
470, 159, -188, 158, 77, 158, 161, 159, EH
48, 161, -190, 156, 77, 156, 162, 161, LH
-249, 161, -191, 156, 85, 156, 162, 161, EH
-57, 161, -192, 159, 86, 159, 162, 161, EH
199, 162, -193, 158, 87, 158, 170, 162, LH
-49, 162, -194, 165, 88, 165, 170, 162, RH
161, 162, -196, 162, 89, 162, 175, 162, EH
17, 165, -198, 161, 95, 161, 175, 165, EH
-329, 170, -198, 161, 98, 161, 177, 170, RH
-164, 170, -200, 162, 102, 162, 183, 170, EMPTY
-62, 175, -202, 162, 106, 162, 179, 175, EH
-132, 175, -203, 176, 109, 176, 188, 175, RH
-187, 176, -203, 175, 112, 175, 190, 176, LH
88, 177, -204, 170, 113, 170, 189, 177, RH
154, 179, -205, 170, 115, 170, 186, 179, EH
408, 183, -206, 175, 116, 175, 176, 183, EH
9, 186, -207, 186, 121, 186, 165, 186, EH
-17, 188, -210, 179, 122, 179, 161, 188, EH
-284, 189, -211, 177, 123, 177, 192, 189, EH
-153, 190, -211, 183, 125, 183, 193, 190, EH
227, 192, -212, 189, 127, 189, 192, 192, EH
226, 192, -213, 188, 130, 188, 195, 192, EH
-130, 192, -216, 190, 135, 190, 197, 192, EH
309, 193, -217, 222, 139, 222, 196, 193, EH
379, 194, -217, 202, 145, 202, 194, 194, EH
-486, 195, -219, 197, 146, 197, 197, 195, EH
-219, 196, -220, 194, 148, 194, 200, 196, EH
74, 197, -221, 192, 152, 192, 202, 197, EH
-488, 197, -222, 192, 153, 192, 199, 197, EH
-447, 197, -222, 193, 154, 193, 197, 197, EMPTY
-441, 199, -223, 196, 156, 196, 204, 199, EH
246, 200, -224, 195, 159, 195, 206, 200, EH
443, 202, -226, 197, 161, 197, 211, 202, EH
-278, 202, -226, 199, 162, 199, 208, 202, EH
-247, 204, -228, 197, 170, 197, 215, 204, EH
-147, 206, -229, 202, 175, 202, 217, 206, EMPTY
35, 208, -229, 200, 179, 200, 221, 208, EH
394, 211, -230, 215, 189, 215, 220, 211, EMPTY
-437, 215, -231, 208, 192, 208, 216, 215, EH
-443, 215, -232, 206, 196, 206, 215, 215, EMPTY
-117, 216, -232, 204, 197, 204, 202, 216, EH
313, 217, -232, 211, 202, 211, 223, 217, EH
-257, 220, -233, 216, 206, 216, 223, 220, EH
-374, 221, -235, 215, 211, 215, 226, 221, RH
-268, 222, -236, 220, 215, 220, 225, 222, EH
-375, 223, -238, 217, 220, 217, 227, 223, RH
-482, 223, -239, 221, 226, 221, 228, 223, EH
-113, 224, -240, 224, 227, 224, 227, 224, EH
387, 225, -240, 223, 228, 223, 227, 225, EH
444, 226, -243, 223, 230, 223, 224, 226, EMPTY
-19, 227, -243, 227, 234, 227, 222, 227, EH
-16, 227, -243, 225, 237, 225, 192, 227, EMPTY
175, 227, -243, 226, 241, 226, 230, 227, EH
421, 228, -244, 227, 242, 227, 231, 228, EMPTY
-47, 229, -246, 227, 246, 227, 232, 229, EH
77, 230, -247, 228, 246, 228, 232, 230, EH
-228, 231, -247, 258, 247, 258, 233, 231, EH
-180, 232, -247, 245, 249, 245, 234, 232, EH
65, 232, -247, 233, 253, 233, 237, 232, EH
-23, 233, -248, 232, 257, 232, 234, 233, EH
85, 233, -248, 231, 262, 231, 240, 233, EMPTY
430, 234, -249, 230, 265, 230, 241, 234, LH
231, 234, -249, 232, 269, 232, 242, 234, EH
-374, 237, -250, 238, 270, 238, 241, 237, LH
189, 238, -250, 234, 273, 234, 238, 238, EH
291, 240, -251, 234, 275, 234, 233, 240, RH
100, 241, -253, 233, 280, 233, 246, 241, RH
-361, 241, -255, 237, 282, 237, 246, 241, EH
-105, 242, -256, 241, 288, 241, 246, 242, EH
116, 245, -256, 241, 290, 241, 247, 245, RH
-1, 246, -256, 240, 298, 240, 249, 246, LH
419, 246, -257, 242, 301, 242, 249, 246, EMPTY
316, 246, -257, 250, 301, 250, 247, 246, EH
-489, 247, -257, 247, 304, 247, 253, 247, EMPTY
-4, 247, -258, 246, 305, 246, 251, 247, EH
470, 249, -259, 246, 306, 246, 257, 249, RH
175, 249, -260, 246, 307, 246, 255, 249, EH
265, 250, -261, 249, 309, 249, 255, 250, EH
-379, 251, -263, 247, 313, 247, 250, 251, EH
241, 253, -263, 249, 314, 249, 245, 253, EH
-82, 255, -264, 255, 322, 255, 262, 255, EH
-396, 255, -265, 251, 324, 251, 262, 255, EH
362, 257, -265, 253, 329, 253, 265, 257, LH
-366, 258, -265, 255, 340, 255, 265, 258, LH
-161, 262, -266, 257, 343, 257, 263, 262, EH
-287, 262, -267, 274, 345, 274, 269, 262, EH
170, 263, -267, 266, 351, 266, 267, 263, EH
14, 265, -268, 263, 354, 263, 270, 265, EMPTY
-37, 265, -269, 262, 354, 262, 272, 265, EH
60, 266, -271, 262, 356, 262, 270, 266, EH
421, 267, -272, 265, 357, 265, 273, 267, EH
-51, 269, -273, 265, 359, 265, 273, 269, EH
101, 270, -273, 270, 360, 270, 270, 270, EMPTY
282, 270, -275, 267, 376, 267, 266, 270, LH
-260, 270, -276, 269, 379, 269, 275, 270, EH
491, 272, -276, 273, 388, 273, 275, 272, LH
-161, 273, -277, 270, 391, 270, 275, 273, EH
-180, 273, -277, 270, 393, 270, 280, 273, EH
106, 274, -278, 272, 394, 272, 280, 274, EH
-272, 275, -278, 273, 395, 273, 279, 275, EH
343, 275, -279, 289, 397, 289, 281, 275, EH
-484, 275, -279, 281, 400, 281, 282, 275, EMPTY
113, 279, -281, 279, 403, 279, 288, 279, EH
-416, 280, -281, 275, 405, 275, 288, 280, EMPTY
-81, 280, -281, 275, 406, 275, 288, 280, EH
-322, 281, -281, 275, 408, 275, 286, 281, EMPTY
490, 281, -282, 280, 411, 280, 281, 281, EH
-346, 282, -282, 280, 413, 280, 289, 282, EMPTY
-407, 286, -283, 286, 415, 286, 291, 286, EH
-53, 288, -284, 282, 418, 282, 290, 288, EMPTY
85, 288, -284, 281, 419, 281, 292, 288, EH
-136, 288, -284, 288, 421, 288, 298, 288, EH
361, 289, -284, 288, 421, 288, 298, 289, EH
375, 289, -287, 288, 430, 288, 292, 289, EH
369, 290, -292, 300, 430, 300, 300, 290, RH
-78, 291, -294, 292, 431, 292, 301, 291, LH
-236, 292, -294, 290, 432, 290, 301, 292, EH
121, 292, -294, 289, 436, 289, 301, 292, EH
-60, 298, -295, 291, 441, 291, 301, 298, EH
-281, 298, -296, 298, 444, 298, 300, 298, LH
-456, 300, -296, 292, 447, 292, 289, 300, RH
98, 300, -298, 298, 449, 298, 274, 300, EH
482, 301, -299, 301, 452, 301, 258, 301, EH
-156, 301, -304, 301, 455, 301, 229, 301, EMPTY
-385, 301, -304, 300, 458, 300, 141, 301, EH
288, 301, -305, 301, 461, 301, 304, 301, EH
280, 304, -305, 301, 468, 301, 305, 304, EH
458, 304, -306, 376, 469, 376, 304, 304, EH
-240, 304, -306, 359, 470, 359, 306, 304, EH
-42, 305, -307, 323, 471, 323, 306, 305, EMPTY
48, 305, -308, 315, 472, 315, 305, 305, EH
-329, 306, -308, 307, 475, 307, 307, 306, EMPTY
406, 306, -309, 305, 477, 305, 309, 306, EH
-263, 307, -309, 304, 478, 304, 309, 307, EMPTY
71, 307, -309, 304, 479, 304, 313, 307, EH
-50, 309, -309, 305, 481, 305, 314, 309, EH
227, 309, -310, 306, 482, 306, 313, 309, EMPTY
-497, 309, -312, 306, 483, 306, 309, 309, EH
-136, 313, -312, 309, 485, 309, 307, 313, EH
-65, 313, -314, 309, 491, 309, 315, 313, EMPTY
411, 314, -319, 307, 495, 307, 316, 314, EH
354, 315, -320, 309, 497, 309, 316, 315, EH
-277, 315, -322, 313, 498, 313, 319, 315, EH
-161, 316, -322, 313, 500, 313, 322, 316, EH
99, 316, -324, 314, -443, 314, 321, 316, EH
-80, 318, -325, 318, -441, 318, 319, 318, EH
452, 319, -326, 316, -438, 316, 318, 319, EMPTY
58, 319, -328, 315, -437, 315, 315, 319, EMPTY
-7, 321, -329, 316, -429, 316, 324, 321, EH
273, 322, -329, 319, -429, 319, 323, 322, EMPTY
179, 323, -329, 319, -426, 319, 329, 323, EH
-249, 323, -329, 321, -410, 321, 329, 323, EH
-412, 324, -331, 322, -407, 322, 327, 324, EMPTY
-459, 327, -333, 343, -403, 343, 334, 327, LH
300, 329, -334, 331, -384, 331, 340, 329, EH
-276, 329, -335, 327, -382, 327, 342, 329, EH
132, 331, -337, 323, -378, 323, 336, 331, EH
197, 334, -339, 324, -374, 324, 331, 334, EH
453, 336, -340, 329, -329, 329, 343, 336, RH
234, 340, -340, 329, -322, 329, 345, 340, EH
-308, 342, -343, 336, -309, 336, 345, 342, EH
-348, 343, -345, 334, -309, 334, 351, 343, EH
-429, 343, -346, 342, -308, 342, 350, 343, EH
158, 345, -347, 340, -294, 340, 350, 345, EMPTY
217, 345, -348, 353, -292, 353, 354, 345, EH
-78, 350, -348, 350, -284, 350, 354, 350, EH
-410, 350, -349, 345, -282, 345, 354, 350, EH
-485, 351, -349, 343, -278, 343, 356, 351, EH
-309, 353, -349, 345, -277, 345, 357, 353, EH
-253, 354, -349, 350, -257, 350, 357, 354, EH
145, 354, -351, 351, -255, 351, 356, 354, EMPTY
-356, 354, -353, 356, -251, 356, 353, 354, EH
269, 356, -356, 354, -250, 354, 343, 356, EH
-14, 356, -356, 354, -249, 354, 323, 356, LH
-438, 357, -356, 354, -247, 354, 359, 357, EH
-156, 357, -356, 357, -238, 357, 360, 357, EH
482, 359, -360, 356, -232, 356, 360, 359, EH
314, 359, -361, 357, -230, 357, 360, 359, LH
306, 360, -361, 367, -228, 367, 360, 360, LH
-378, 360, -362, 363, -226, 363, 361, 360, EH
5, 360, -365, 361, -223, 361, 362, 360, EH
-250, 360, -365, 360, -222, 360, 361, 360, RH
-306, 361, -366, 360, -219, 360, 361, 361, RH
-267, 361, -367, 359, -217, 359, 363, 361, LH
359, 361, -368, 360, -212, 360, 364, 361, EH
-206, 362, -372, 360, -211, 360, 366, 362, EH
-247, 363, -372, 361, -206, 361, 365, 363, EMPTY
-238, 363, -373, 361, -204, 361, 363, 363, EMPTY
192, 364, -373, 362, -202, 362, 368, 364, EH
188, 365, -374, 365, -180, 365, 372, 365, EH
-161, 366, -374, 364, -161, 364, 369, 366, EH
272, 367, -374, 363, -160, 363, 373, 367, EMPTY
89, 368, -375, 366, -157, 366, 373, 368, EH
130, 369, -375, 373, -156, 373, 375, 369, EH
354, 372, -376, 373, -153, 373, 374, 372, EH
-57, 373, -378, 369, -150, 369, 373, 373, EH
241, 373, -378, 368, -147, 368, 367, 373, EH
289, 373, -378, 372, -144, 372, 359, 373, EMPTY
-229, 374, -378, 373, -142, 373, 376, 374, EH
153, 375, -379, 374, -140, 374, 376, 375, EH
-333, 376, -379, 375, -139, 375, 378, 376, EH
148, 376, -381, 433, -136, 433, 377, 376, EH
-500, 376, -381, 405, -132, 405, 379, 376, EMPTY
-55, 377, -382, 387, -130, 387, 382, 377, EH
-449, 378, -383, 378, -128, 378, 386, 378, EH
436, 378, -384, 377, -127, 377, 384, 378, RH
376, 379, -385, 376, -123, 376, 378, 379, EH
135, 382, -385, 376, -118, 376, 387, 382, EH
-148, 384, -388, 378, -113, 378, 388, 384, EH
-492, 386, -389, 384, -110, 384, 391, 386, EMPTY
-27, 387, -391, 382, -107, 382, 390, 387, EH
415, 387, -392, 379, -105, 379, 393, 387, EH
-220, 388, -394, 386, -103, 386, 394, 388, EH
275, 390, -394, 395, -101, 395, 393, 390, EMPTY
-464, 391, -395, 393, -100, 393, 393, 391, EH
-406, 393, -396, 390, -98, 390, 395, 393, EH
-385, 393, -397, 388, -92, 388, 397, 393, EH
397, 393, -400, 387, -88, 387, 397, 393, EH
139, 394, -401, 391, -86, 391, 397, 394, EMPTY
-401, 395, -401, 393, -82, 393, 400, 395, EH
-391, 395, -402, 393, -81, 393, 403, 395, EMPTY
-155, 397, -403, 394, -78, 394, 401, 397, EH
281, 397, -406, 400, -73, 400, 400, 397, EH
55, 397, -407, 397, -69, 397, 395, 397, EH
-294, 400, -407, 395, -68, 395, 387, 400, EH
340, 400, -409, 397, -65, 397, 405, 400, EH
-448, 401, -410, 397, -62, 397, 406, 401, EMPTY
11, 403, -411, 401, -60, 401, 406, 403, EMPTY
230, 405, -412, 400, -58, 400, 408, 405, EH
-461, 405, -412, 403, -57, 403, 407, 405, EH
6, 406, -414, 419, -56, 419, 407, 406, EMPTY
141, 406, -414, 409, -55, 409, 411, 406, EMPTY
-1, 407, -416, 407, -52, 407, 413, 407, EH
52, 407, -416, 406, -51, 406, 411, 407, EH
-294, 408, -416, 405, -48, 405, 415, 408, EH
-384, 409, -417, 406, -42, 406, 418, 409, EH
200, 411, -418, 407, -28, 407, 415, 411, EMPTY
-349, 411, -419, 408, -27, 408, 414, 411, EH
262, 413, -422, 414, -16, 414, 409, 413, EH
434, 414, -425, 411, -14, 411, 419, 414, EMPTY
-251, 415, -426, 411, -9, 411, 420, 415, EH
-213, 415, -427, 413, -7, 413, 421, 415, EMPTY
115, 418, -429, 415, -1, 415, 421, 418, EH
196, 419, -429, 415, -1, 415, 421, 419, EH
204, 419, -429, 418, 1, 418, 420, 419, EH
-240, 420, -433, 425, 6, 425, 429, 420, EMPTY
461, 420, -434, 420, 11, 420, 430, 420, EH
80, 421, -435, 420, 14, 420, 430, 421, EH
431, 421, -436, 419, 17, 419, 430, 421, EH
183, 421, -436, 421, 19, 421, 431, 421, EH
-38, 425, -437, 421, 24, 421, 432, 425, EH
-474, 429, -437, 421, 25, 421, 432, 429, EMPTY
-68, 430, -437, 431, 77, 431, 431, 430, EH
75, 430, -438, 430, 80, 430, 425, 430, EH
-367, 430, -439, 430, 84, 430, 419, 430, EMPTY
-478, 431, -441, 429, 85, 429, 405, 431, EMPTY
-161, 431, -442, 430, 89, 430, 434, 431, EH
162, 432, -443, 432, 94, 432, 436, 432, EH
429, 432, -443, 431, 99, 431, 439, 432, LH
-100, 433, -445, 432, 101, 432, 441, 433, EH
-207, 434, -446, 472, 102, 472, 439, 434, EH
-331, 436, -446, 461, 107, 461, 443, 436, EH
-407, 439, -447, 448, 133, 448, 444, 439, LH
-383, 439, -447, 441, 141, 441, 444, 439, EH
-14, 441, -447, 439, 148, 439, 447, 441, LH
324, 441, -447, 436, 152, 436, 447, 441, EH
32, 443, -448, 434, 156, 434, 441, 443, LH
-265, 444, -448, 441, 158, 441, 451, 444, EH
152, 444, -449, 439, 170, 439, 449, 444, EMPTY
-401, 447, -449, 447, 177, 447, 452, 447, EH
-493, 447, -451, 444, 183, 444, 452, 447, EMPTY
-81, 448, -451, 443, 188, 443, 452, 448, EMPTY
43, 449, -452, 444, 190, 444, 453, 449, EH
372, 451, -452, 447, 192, 447, 455, 451, EH
70, 452, -452, 453, 193, 453, 458, 452, EH
306, 452, -453, 452, 195, 452, 460, 452, EH
115, 452, -454, 449, 197, 449, 458, 452, EMPTY
194, 453, -454, 451, 200, 451, 455, 453, RH
275, 453, -456, 452, 204, 452, 453, 453, EH
13, 455, -456, 452, 217, 452, 448, 455, EH
495, 455, -457, 455, 221, 455, 461, 455, RH
413, 458, -457, 455, 233, 455, 462, 458, EH
86, 458, -457, 453, 240, 453, 468, 458, EH
-204, 460, -457, 458, 270, 458, 465, 460, EH
-381, 461, -459, 458, 272, 458, 464, 461, EH
192, 461, -460, 460, 275, 460, 469, 461, EMPTY
240, 462, -461, 469, 275, 469, 470, 462, EH
444, 464, -464, 464, 280, 464, 470, 464, EH
-255, 465, -464, 462, 281, 462, 471, 465, EH
451, 468, -464, 461, 288, 461, 471, 468, EH
156, 469, -468, 465, 288, 465, 470, 469, EH
458, 469, -468, 468, 289, 468, 469, 469, EH
-55, 470, -469, 470, 291, 470, 461, 470, EH
439, 470, -469, 470, 292, 470, 472, 470, EH
-273, 470, -469, 469, 298, 469, 475, 470, EH
25, 471, -471, 470, 300, 470, 474, 471, EH
-101, 471, -472, 471, 301, 471, 477, 471, EMPTY
350, 472, -474, 471, 387, 471, 478, 472, RH
313, 472, -474, 483, 397, 483, 478, 472, EH
84, 474, -476, 479, 429, 479, 477, 474, EMPTY
-28, 475, -476, 477, 434, 477, 479, 475, EH
-295, 477, -478, 474, 439, 474, 479, 477, EH
-476, 477, -481, 472, 443, 472, 481, 477, EH
133, 478, -482, 475, 444, 475, 482, 478, EH
478, 478, -482, 478, 451, 478, 482, 478, EMPTY
221, 479, -482, 477, 452, 477, 481, 479, EH
-447, 479, -484, 478, 453, 478, 479, 479, EH
94, 479, -485, 481, 458, 481, 483, 479, EH
393, 481, -485, 479, 460, 479, 483, 481, RH
116, 481, -486, 479, 490, 479, 485, 481, RH
234, 482, -486, 482, 492, 482, 490, 482, LH
-309, 482, -486, 481, 495, 481, 492, 482, EMPTY
193, 483, -486, 482, -229, 482, 491, 483, EH
350, 483, -488, 492, -220, 492, 487, 483, EH
345, 483, -488, 484, -213, 484, 484, 483, EMPTY
360, 484, -489, 483, -207, 483, 495, 484, EMPTY
1, 485, -489, 483, -155, 483, 495, 485, EH
479, 487, -491, 487, -147, 487, 497, 487, EH
107, 490, -492, 485, -117, 485, 497, 490, EH
471, 491, -492, 491, -112, 491, 498, 491, EH
-147, 492, -493, 490, -105, 490, 500, 492, EH
-454, 492, -493, 492, -81, 492, 499, 492, EH
-329, 495, -493, 498, -78, 498, 498, 495, EH
-127, 495, -496, 497, -76, 497, 492, 495, LH
77, 497, -497, 495, -53, 495, 483, 497, RH
253, 497, -497, 495, -50, 495, 472, 497, RH
233, 498, -499, 497, -47, 497, 433, 498, EH
270, 498, -499, 499, -45, 499, 376, 498, EH
220, 499, -500, 498, -42, 498, 304, 499, EH
195, 500, -500, 500, 13, 500, 40, 500, EH
None, None, None, None, None, None, None, None, EMPTY
None, None, None, None, None, None, None, None, EH
None, None, None, None, None, None, None, None, EH
None, None, None, None, None, None, None, None, EH
None, None, None, None, None, None, None, None, EH
None, None, None, None, None, None, None, None, EH
None, None, None, None, None, None, None, None, EMPTY
None, None, None, None, None, None, None, None, EMPTY
None, None, None, None, None, None, None, None, EH
None, None, None, None, None, None, None, None, EMPTY
None, None, None, None, None, None, None, None, EH
None, None, None, None, None, None, None, None, EMPTY
None, None, None, None, None, None, None, None, EH
None, None, None, None, None, None, None, None, LH
None, None, None, None, None, None, None, None, EH
None, None, None, None, None, None, None, None, EMPTY
None, None, None, None, None, None, None, None, EH
None, None, None, None, None, None, None, None, EH
None, None, None, None, None, None, None, None, EH
None, None, None, None, None, None, None, None, EH
None, None, None, None, None, None, None, None, EH
None, None, None, None, None, None, None, None, EH
None, None, None, None, None, None, None, None, EH
None, None, None, None, None, None, None, None, EH
None, None, None, None, None, None, None, None, EH
None, None, None, None, None, None, None, None, EMPTY
None, None, None, None, None, None, None, None, EH
None, None, None, None, None, None, None, None, EH
None, None, None, None, None, None, None, None, EH
None, None, None, None, None, None, None, None, EMPTY
None, None, None, None, None, None, None, None, EH
None, None, None, None, None, None, None, None, EH
None, None, None, None, None, None, None, None, EMPTY
None, None, None, None, None, None, None, None, EH
None, None, None, None, None, None, None, None, EMPTY
None, None, None, None, None, None, None, None, EMPTY
None, None, None, None, None, None, None, None, EH
None, None, None, None, None, None, None, None, EMPTY
None, None, None, None, None, None, None, None, EH
None, None, None, None, None, None, None, None, EMPTY
None, None, None, None, None, None, None, None, EH
None, None, None, None, None, None, None, None, EH
None, None, None, None, None, None, None, None, EMPTY
None, None, None, None, None, None, None, None, EMPTY
None, None, None, None, None, None, None, None, EH
None, None, None, None, None, None, None, None, EH
None, None, None, None, None, None, None, None, EH
None, None, None, None, None, None, None, None, EH
None, None, None, None, None, None, None, None, EH
None, None, None, None, None, None, None, None, EH
None, None, None, None, None, None, None, None, EH
None, None, None, None, None, None, None, None, EH
None, None, None, None, None, None, None, None, EH
None, None, None, None, None, None, None, None, EH
None, None, None, None, None, None, None, None, EMPTY
None, None, None, None, None, None, None, None, EH
None, None, None, None, None, None, None, None, EMPTY
None, None, None, None, None, None, None, None, EH
None, None, None, None, None, None, None, None, EH
None, None, None, None, None, None, None, None, EH
None, None, None, None, None, None, None, None, EMPTY
None, None, None, None, None, None, None, None, EH
None, None, None, None, None, None, None, None, EMPTY
None, None, None, None, None, None, None, None, EH
None, None, None, None, None, None, None, None, EH
None, None, None, None, None, None, None, None, EH
None, None, None, None, None, None, None, None, EH
None, None, None, None, None, None, None, None, EMPTY
None, None, None, None, None, None, None, None, EH
None, None, None, None, None, None, None, None, EH
None, None, None, None, None, None, None, None, EMPTY
None, None, None, None, None, None, None, None, EH
None, None, None, None, None, None, None, None, EH
None, None, None, None, None, None, None, None, EH
None, None, None, None, None, None, None, None, EH
None, None, None, None, None, None, None, None, EH
None, None, None, None, None, None, None, None, EH
None, None, None, None, None, None, None, None, EH
None, None, None, None, None, None, None, None, EMPTY
None, None, None, None, None, None, None, None, EMPTY
None, None, None, None, None, None, None, None, EH
None, None, None, None, None, None, None, None, EH
None, None, None, None, None, None, None, None, EMPTY
None, None, None, None, None, None, None, None, EMPTY
None, None, None, None, None, None, None, None, EH
None, None, None, None, None, None, None, None, EH
None, None, None, None, None, None, None, None, EMPTY
None, None, None, None, None, None, None, None, EH
None, None, None, None, None, None, None, None, EMPTY
None, None, None, None, None, None, None, None, EH
None, None, None, None, None, None, None, None, EMPTY
None, None, None, None, None, None, None, None, EH
None, None, None, None, None, None, None, None, EH
None, None, None, None, None, None, None, None, EMPTY
None, None, None, None, None, None, None, None, EH
None, None, None, None, None, None, None, None, EMPTY
None, None, None, None, None, None, None, None, EH
None, None, None, None, None, None, None, None, EH
None, None, None, None, None, None, None, None, EMPTY
None, None, None, None, None, None, None, None, EH
None, None, None, None, None, None, None, None, EH
None, None, None, None, None, None, None, None, EH
None, None, None, None, None, None, None, None, EH
None, None, None, None, None, None, None, None, EMPTY
None, None, None, None, None, None, None, None, EH
None, None, None, None, None, None, None, None, EH
None, None, None, None, None, None, None, None, EMPTY
None, None, None, None, None, None, None, None, EH
None, None, None, None, None, None, None, None, EMPTY
None, None, None, None, None, None, None, None, EH
None, None, None, None, None, None, None, None, EMPTY
None, None, None, None, None, None, None, None, EH
None, None, None, None, None, None, None, None, EMPTY
None, None, None, None, None, None, None, None, EMPTY
None, None, None, None, None, None, None, None, EH
None, None, None, None, None, None, None, None, EMPTY
None, None, None, None, None, None, None, None, EH
None, None, None, None, None, None, None, None, EH
None, None, None, None, None, None, None, None, EH
None, None, None, None, None, None, None, None, EMPTY
None, None, None, None, None, None, None, None, EH
None, None, None, None, None, None, None, None, EMPTY
None, None, None, None, None, None, None, None, EH
None, None, None, None, None, None, None, None, EMPTY
None, None, None, None, None, None, None, None, EH
None, None, None, None, None, None, None, None, EH
None, None, None, None, None, None, None, None, EMPTY
None, None, None, None, None, None, None, None, EH
None, None, None, None, None, None, None, None, EMPTY
None, None, None, None, None, None, None, None, EMPTY
None, None, None, None, None, None, None, None, EH
None, None, None, None, None, None, None, None, EMPTY
None, None, None, None, None, None, None, None, EH
None, None, None, None, None, None, None, None, EH
None, None, None, None, None, None, None, None, EH
None, None, None, None, None, None, None, None, EH
None, None, None, None, None, None, None, None, EMPTY
